[{"pk": 1, "model": "contenttypes.contenttype", "fields": {"model": "permission", "name": "permission", "app_label": "auth"}}, {"pk": 2, "model": "contenttypes.contenttype", "fields": {"model": "group", "name": "group", "app_label": "auth"}}, {"pk": 3, "model": "contenttypes.contenttype", "fields": {"model": "user", "name": "user", "app_label": "auth"}}, {"pk": 4, "model": "contenttypes.contenttype", "fields": {"model": "contenttype", "name": "content type", "app_label": "contenttypes"}}, {"pk": 5, "model": "contenttypes.contenttype", "fields": {"model": "session", "name": "session", "app_label": "sessions"}}, {"pk": 6, "model": "contenttypes.contenttype", "fields": {"model": "site", "name": "site", "app_label": "sites"}}, {"pk": 7, "model": "contenttypes.contenttype", "fields": {"model": "logentry", "name": "log entry", "app_label": "admin"}}, {"pk": 8, "model": "contenttypes.contenttype", "fields": {"model": "usuarioperfil", "name": "usuario perfil", "app_label": "polls"}}, {"pk": 9, "model": "contenttypes.contenttype", "fields": {"model": "album", "name": "album", "app_label": "polls"}}, {"pk": 10, "model": "contenttypes.contenttype", "fields": {"model": "contenido", "name": "contenido", "app_label": "polls"}}, {"pk": 11, "model": "contenttypes.contenttype", "fields": {"model": "comentario", "name": "comentario", "app_label": "polls"}}, {"pk": 12, "model": "contenttypes.contenttype", "fields": {"model": "like", "name": "like", "app_label": "polls"}}, {"pk": 13, "model": "contenttypes.contenttype", "fields": {"model": "historial", "name": "historial", "app_label": "polls"}}, {"pk": 14, "model": "contenttypes.contenttype", "fields": {"model": "notificacion", "name": "notificacion", "app_label": "polls"}}, {"pk": "lswsags20p2ga6vct1rbn8zo3bnsw7p9", "model": "sessions.session", "fields": {"expire_date": "2013-12-06T04:57:04.737Z", "session_data": "ZjNiMDJjODg5YzM4MzhhMDU0OWFkYTEwZjJjYmRiNzk4M2FkNGRjZjp7Il9hdXRoX3VzZXJfYmFja2VuZCI6ImRqYW5nby5jb250cmliLmF1dGguYmFja2VuZHMuTW9kZWxCYWNrZW5kIiwiX2F1dGhfdXNlcl9pZCI6Mn0="}}, {"pk": "yvvwvlidoklhcgs5um08ox90khuyiflx", "model": "sessions.session", "fields": {"expire_date": "2013-12-03T20:31:22.507Z", "session_data": "YmU5NDVjMDI3NDU4YzE4ZGQzM2M3NmIyYTE3ZGIyMTUyMzBiNzM5Yzp7Il9hdXRoX3VzZXJfYmFja2VuZCI6ImRqYW5nby5jb250cmliLmF1dGguYmFja2VuZHMuTW9kZWxCYWNrZW5kIiwiX2F1dGhfdXNlcl9pZCI6MX0="}}, {"pk": 1, "model": "sites.site", "fields": {"domain": "example.com", "name": "example.com"}}, {"pk": 4, "model": "polls.contenido", "fields": {"urlvideo": "", "fkalbum": 1, "urlfoto": "http://distilleryimage2.s3.amazonaws.com/1b97e7ac56af11e384c01201eaa9cf62_6.jpg", "urlaudio": ""}}, {"pk": 5, "model": "polls.contenido", "fields": {"urlvideo": "", "fkalbum": 2, "urlfoto": "http://distilleryimage0.s3.amazonaws.com/f17770e656ae11e39c22120bf3493343_6.jpg", "urlaudio": ""}}, {"pk": 6, "model": "polls.contenido", "fields": {"urlvideo": "", "fkalbum": 2, "urlfoto": "http://distilleryimage2.s3.amazonaws.com/1b97e7ac56af11e384c01201eaa9cf62_6.jpg", "urlaudio": ""}}, {"pk": 7, "model": "polls.contenido", "fields": {"urlvideo": "", "fkalbum": 3, "urlfoto": "http://distilleryimage2.s3.amazonaws.com/1b97e7ac56af11e384c01201eaa9cf62_6.jpg", "urlaudio": ""}}, {"pk": 8, "model": "polls.contenido", "fields": {"urlvideo": "", "fkalbum": 3, "urlfoto": "http://distilleryimage0.s3.amazonaws.com/f17770e656ae11e39c22120bf3493343_6.jpg", "urlaudio": ""}}, {"pk": 9, "model": "polls.contenido", "fields": {"urlvideo": "", "fkalbum": 5, "urlfoto": "http://distilleryimage1.s3.amazonaws.com/be83898456ab11e38a6b128428a4a01e_6.jpg", "urlaudio": ""}}, {"pk": 10, "model": "polls.contenido", "fields": {"urlvideo": "", "fkalbum": 6, "urlfoto": "http://distilleryimage10.s3.amazonaws.com/f51e63a656ab11e395c40e318e690f28_6.jpg", "urlaudio": ""}}, {"pk": 11, "model": "polls.contenido", "fields": {"urlvideo": "", "fkalbum": 6, "urlfoto": "http://distilleryimage8.s3.amazonaws.com/f254648456a811e3877f12bffcd6e56e_6.jpg", "urlaudio": ""}}, {"pk": 12, "model": "polls.contenido", "fields": {"urlvideo": "", "fkalbum": 1, "urlfoto": "http://distilleryimage4.s3.amazonaws.com/0b74725456a611e3aa720e62859f8ede_6.jpg", "urlaudio": ""}}, {"pk": 13, "model": "polls.contenido", "fields": {"urlvideo": "", "fkalbum": 2, "urlfoto": "http://distilleryimage5.s3.amazonaws.com/c87e62b056a611e3a15612cda819ea1e_6.jpg", "urlaudio": ""}}, {"pk": 1, "model": "auth.permission", "fields": {"codename": "add_permission", "name": "Can add permission", "content_type": 1}}, {"pk": 2, "model": "auth.permission", "fields": {"codename": "change_permission", "name": "Can change permission", "content_type": 1}}, {"pk": 3, "model": "auth.permission", "fields": {"codename": "delete_permission", "name": "Can delete permission", "content_type": 1}}, {"pk": 4, "model": "auth.permission", "fields": {"codename": "add_group", "name": "Can add group", "content_type": 2}}, {"pk": 5, "model": "auth.permission", "fields": {"codename": "change_group", "name": "Can change group", "content_type": 2}}, {"pk": 6, "model": "auth.permission", "fields": {"codename": "delete_group", "name": "Can delete group", "content_type": 2}}, {"pk": 7, "model": "auth.permission", "fields": {"codename": "add_user", "name": "Can add user", "content_type": 3}}, {"pk": 8, "model": "auth.permission", "fields": {"codename": "change_user", "name": "Can change user", "content_type": 3}}, {"pk": 9, "model": "auth.permission", "fields": {"codename": "delete_user", "name": "Can delete user", "content_type": 3}}, {"pk": 10, "model": "auth.permission", "fields": {"codename": "add_contenttype", "name": "Can add content type", "content_type": 4}}, {"pk": 11, "model": "auth.permission", "fields": {"codename": "change_contenttype", "name": "Can change content type", "content_type": 4}}, {"pk": 12, "model": "auth.permission", "fields": {"codename": "delete_contenttype", "name": "Can delete content type", "content_type": 4}}, {"pk": 13, "model": "auth.permission", "fields": {"codename": "add_session", "name": "Can add session", "content_type": 5}}, {"pk": 14, "model": "auth.permission", "fields": {"codename": "change_session", "name": "Can change session", "content_type": 5}}, {"pk": 15, "model": "auth.permission", "fields": {"codename": "delete_session", "name": "Can delete session", "content_type": 5}}, {"pk": 16, "model": "auth.permission", "fields": {"codename": "add_site", "name": "Can add site", "content_type": 6}}, {"pk": 17, "model": "auth.permission", "fields": {"codename": "change_site", "name": "Can change site", "content_type": 6}}, {"pk": 18, "model": "auth.permission", "fields": {"codename": "delete_site", "name": "Can delete site", "content_type": 6}}, {"pk": 19, "model": "auth.permission", "fields": {"codename": "add_logentry", "name": "Can add log entry", "content_type": 7}}, {"pk": 20, "model": "auth.permission", "fields": {"codename": "change_logentry", "name": "Can change log entry", "content_type": 7}}, {"pk": 21, "model": "auth.permission", "fields": {"codename": "delete_logentry", "name": "Can delete log entry", "content_type": 7}}, {"pk": 22, "model": "auth.permission", "fields": {"codename": "add_usuarioperfil", "name": "Can add usuario perfil", "content_type": 8}}, {"pk": 23, "model": "auth.permission", "fields": {"codename": "change_usuarioperfil", "name": "Can change usuario perfil", "content_type": 8}}, {"pk": 24, "model": "auth.permission", "fields": {"codename": "delete_usuarioperfil", "name": "Can delete usuario perfil", "content_type": 8}}, {"pk": 25, "model": "auth.permission", "fields": {"codename": "add_album", "name": "Can add album", "content_type": 9}}, {"pk": 26, "model": "auth.permission", "fields": {"codename": "change_album", "name": "Can change album", "content_type": 9}}, {"pk": 27, "model": "auth.permission", "fields": {"codename": "delete_album", "name": "Can delete album", "content_type": 9}}, {"pk": 28, "model": "auth.permission", "fields": {"codename": "add_contenido", "name": "Can add contenido", "content_type": 10}}, {"pk": 29, "model": "auth.permission", "fields": {"codename": "change_contenido", "name": "Can change contenido", "content_type": 10}}, {"pk": 30, "model": "auth.permission", "fields": {"codename": "delete_contenido", "name": "Can delete contenido", "content_type": 10}}, {"pk": 31, "model": "auth.permission", "fields": {"codename": "add_comentario", "name": "Can add comentario", "content_type": 11}}, {"pk": 32, "model": "auth.permission", "fields": {"codename": "change_comentario", "name": "Can change comentario", "content_type": 11}}, {"pk": 33, "model": "auth.permission", "fields": {"codename": "delete_comentario", "name": "Can delete comentario", "content_type": 11}}, {"pk": 34, "model": "auth.permission", "fields": {"codename": "add_like", "name": "Can add like", "content_type": 12}}, {"pk": 35, "model": "auth.permission", "fields": {"codename": "change_like", "name": "Can change like", "content_type": 12}}, {"pk": 36, "model": "auth.permission", "fields": {"codename": "delete_like", "name": "Can delete like", "content_type": 12}}, {"pk": 37, "model": "auth.permission", "fields": {"codename": "add_historial", "name": "Can add historial", "content_type": 13}}, {"pk": 38, "model": "auth.permission", "fields": {"codename": "change_historial", "name": "Can change historial", "content_type": 13}}, {"pk": 39, "model": "auth.permission", "fields": {"codename": "delete_historial", "name": "Can delete historial", "content_type": 13}}, {"pk": 40, "model": "auth.permission", "fields": {"codename": "add_notificacion", "name": "Can add notificacion", "content_type": 14}}, {"pk": 41, "model": "auth.permission", "fields": {"codename": "change_notificacion", "name": "Can change notificacion", "content_type": 14}}, {"pk": 42, "model": "auth.permission", "fields": {"codename": "delete_notificacion", "name": "Can delete notificacion", "content_type": 14}}, {"pk": 1, "model": "auth.user", "fields": {"username": "root", "first_name": "", "last_name": "", "is_active": true, "is_superuser": true, "is_staff": true, "last_login": "2013-11-22T04:55:02.320Z", "groups": [], "user_permissions": [], "password": "pbkdf2_sha256$10000$4uMNGZSIu7hS$WBkwrsO8LqyugxRhtav6DYQPYEpxLiI9of8flWNuK/A=", "email": "emily@gmail.com", "date_joined": "2013-11-19T14:43:11.711Z"}}, {"pk": 2, "model": "auth.user", "fields": {"username": "emilyfpg", "first_name": "Emily", "last_name": "Pagua1", "is_active": true, "is_superuser": false, "is_staff": false, "last_login": "2013-11-22T04:57:04.726Z", "groups": [], "user_permissions": [], "password": "pbkdf2_sha256$10000$L7MJgss10JgT$HbE/Mk097bvi4P4Bzhxk0nmHgjmzCx5sYDn7d+Zt8pQ=", "email": "emilyfpg@gmail.com", "date_joined": "2013-11-19T14:43:41Z"}}, {"pk": 3, "model": "auth.user", "fields": {"username": "daneyga", "first_name": "Daney", "last_name": "Guarenas", "is_active": true, "is_superuser": false, "is_staff": false, "last_login": "2013-11-22T04:53:03.261Z", "groups": [], "user_permissions": [], "password": "pbkdf2_sha256$10000$cmmw83N28gBb$jkf626PSAGcTDy4eSBTNr6cvPHH4d7sm+X7b0trUNsM=", "email": "guarenasdaney@gmail.com", "date_joined": "2013-11-19T14:44:00Z"}}, {"pk": 4, "model": "auth.user", "fields": {"username": "fabyfpg", "first_name": "Fabioly", "last_name": "Pagua", "is_active": true, "is_superuser": false, "is_staff": false, "last_login": "2013-11-19T20:40:40.382Z", "groups": [], "user_permissions": [], "password": "pbkdf2_sha256$10000$ShZ3ir35dzBG$O0m7n++bL8u+xGRjZZ4vkmupjy7D4pRWFj1opBtXHfk=", "email": "fabiolypagua@gmail.com", "date_joined": "2013-11-19T14:44:26Z"}}, {"pk": 5, "model": "auth.user", "fields": {"username": "lizbethga", "first_name": "Lizbeth", "last_name": "Arocha", "is_active": true, "is_superuser": false, "is_staff": false, "last_login": "2013-11-19T14:44:45Z", "groups": [], "user_permissions": [], "password": "pbkdf2_sha256$10000$Q5RQsxVZHQOz$GRydF8m7YVlgej6CAdDVxqoC4qdOf0154bEOWNTLWG4=", "email": "lizbetharocha@gmail.com", "date_joined": "2013-11-19T14:44:45Z"}}, {"pk": 1, "model": "admin.logentry", "fields": {"action_flag": 1, "action_time": "2013-11-19T14:43:41.733Z", "object_repr": "emilyfpg", "object_id": "2", "change_message": "", "user": 1, "content_type": 3}}, {"pk": 2, "model": "admin.logentry", "fields": {"action_flag": 2, "action_time": "2013-11-19T14:43:51.247Z", "object_repr": "emilyfpg", "object_id": "2", "change_message": "Changed password, first_name, last_name and email.", "user": 1, "content_type": 3}}, {"pk": 3, "model": "admin.logentry", "fields": {"action_flag": 1, "action_time": "2013-11-19T14:44:00.630Z", "object_repr": "daneyga", "object_id": "3", "change_message": "", "user": 1, "content_type": 3}}, {"pk": 4, "model": "admin.logentry", "fields": {"action_flag": 2, "action_time": "2013-11-19T14:44:12.070Z", "object_repr": "daneyga", "object_id": "3", "change_message": "Changed password, first_name, last_name and email.", "user": 1, "content_type": 3}}, {"pk": 5, "model": "admin.logentry", "fields": {"action_flag": 1, "action_time": "2013-11-19T14:44:26.236Z", "object_repr": "fabyfpg", "object_id": "4", "change_message": "", "user": 1, "content_type": 3}}, {"pk": 6, "model": "admin.logentry", "fields": {"action_flag": 2, "action_time": "2013-11-19T14:44:36.112Z", "object_repr": "fabyfpg", "object_id": "4", "change_message": "Changed password, first_name, last_name and email.", "user": 1, "content_type": 3}}, {"pk": 7, "model": "admin.logentry", "fields": {"action_flag": 1, "action_time": "2013-11-19T14:44:45.750Z", "object_repr": "lizbethga", "object_id": "5", "change_message": "", "user": 1, "content_type": 3}}, {"pk": 8, "model": "admin.logentry", "fields": {"action_flag": 2, "action_time": "2013-11-19T14:44:54.796Z", "object_repr": "lizbethga", "object_id": "5", "change_message": "Changed password, first_name, last_name and email.", "user": 1, "content_type": 3}}, {"pk": 9, "model": "admin.logentry", "fields": {"action_flag": 1, "action_time": "2013-11-19T14:45:55.818Z", "object_repr": "emilyfpg, Pagua - Emily", "object_id": "1", "change_message": "", "user": 1, "content_type": 8}}, {"pk": 10, "model": "admin.logentry", "fields": {"action_flag": 1, "action_time": "2013-11-19T14:46:30.467Z", "object_repr": "daneyga, Guarenas - Daney", "object_id": "2", "change_message": "", "user": 1, "content_type": 8}}, {"pk": 11, "model": "admin.logentry", "fields": {"action_flag": 1, "action_time": "2013-11-19T14:49:16.614Z", "object_repr": "fabyfpg, Pagua - Fabioly", "object_id": "3", "change_message": "", "user": 1, "content_type": 8}}, {"pk": 12, "model": "admin.logentry", "fields": {"action_flag": 1, "action_time": "2013-11-19T14:50:15.612Z", "object_repr": "lizbethga, Arocha - Lizbeth", "object_id": "4", "change_message": "", "user": 1, "content_type": 8}}, {"pk": 13, "model": "admin.logentry", "fields": {"action_flag": 1, "action_time": "2013-11-19T14:51:53.029Z", "object_repr": "emilyfpg Amistad", "object_id": "1", "change_message": "", "user": 1, "content_type": 13}}, {"pk": 14, "model": "admin.logentry", "fields": {"action_flag": 1, "action_time": "2013-11-19T14:52:04.870Z", "object_repr": "emilyfpg Amistad", "object_id": "2", "change_message": "", "user": 1, "content_type": 13}}, {"pk": 15, "model": "admin.logentry", "fields": {"action_flag": 1, "action_time": "2013-11-19T14:52:12.235Z", "object_repr": "daneyga Amistad", "object_id": "3", "change_message": "", "user": 1, "content_type": 13}}, {"pk": 16, "model": "admin.logentry", "fields": {"action_flag": 1, "action_time": "2013-11-19T14:52:19.208Z", "object_repr": "fabyfpg Amistad", "object_id": "4", "change_message": "", "user": 1, "content_type": 13}}, {"pk": 17, "model": "admin.logentry", "fields": {"action_flag": 1, "action_time": "2013-11-19T14:52:46.595Z", "object_repr": "emilyfpg  <---  emilyfpg", "object_id": "1", "change_message": "", "user": 1, "content_type": 14}}, {"pk": 18, "model": "admin.logentry", "fields": {"action_flag": 3, "action_time": "2013-11-19T14:53:34.889Z", "object_repr": "emilyfpg  <---  emilyfpg", "object_id": "1", "change_message": "", "user": 1, "content_type": 14}}, {"pk": 19, "model": "admin.logentry", "fields": {"action_flag": 1, "action_time": "2013-11-19T14:53:49.983Z", "object_repr": "daneyga  <---  emilyfpg", "object_id": "2", "change_message": "", "user": 1, "content_type": 14}}, {"pk": 20, "model": "admin.logentry", "fields": {"action_flag": 1, "action_time": "2013-11-19T14:54:25.635Z", "object_repr": "fabyfpg  <---  emilyfpg", "object_id": "3", "change_message": "", "user": 1, "content_type": 14}}, {"pk": 21, "model": "admin.logentry", "fields": {"action_flag": 1, "action_time": "2013-11-19T14:56:34.833Z", "object_repr": "emilyfpg  <---  daneyga", "object_id": "4", "change_message": "", "user": 1, "content_type": 14}}, {"pk": 22, "model": "admin.logentry", "fields": {"action_flag": 3, "action_time": "2013-11-19T14:56:49.242Z", "object_repr": "daneyga  <---  emilyfpg", "object_id": "2", "change_message": "", "user": 1, "content_type": 14}}, {"pk": 23, "model": "admin.logentry", "fields": {"action_flag": 1, "action_time": "2013-11-19T14:57:03.864Z", "object_repr": "fabyfpg  <---  daneyga", "object_id": "5", "change_message": "", "user": 1, "content_type": 14}}, {"pk": 24, "model": "admin.logentry", "fields": {"action_flag": 3, "action_time": "2013-11-19T14:58:23.274Z", "object_repr": "emilyfpg  <---  daneyga", "object_id": "4", "change_message": "", "user": 1, "content_type": 14}}, {"pk": 25, "model": "admin.logentry", "fields": {"action_flag": 1, "action_time": "2013-11-19T14:59:19.530Z", "object_repr": "daneyga  <---  emilyfpg", "object_id": "6", "change_message": "", "user": 1, "content_type": 14}}, {"pk": 26, "model": "admin.logentry", "fields": {"action_flag": 1, "action_time": "2013-11-19T14:59:55.856Z", "object_repr": "emilyfpg  <---  fabyfpg", "object_id": "7", "change_message": "", "user": 1, "content_type": 14}}, {"pk": 27, "model": "admin.logentry", "fields": {"action_flag": 2, "action_time": "2013-11-19T15:00:39.951Z", "object_repr": "emilyfpg, Pagua - Emily", "object_id": "1", "change_message": "Changed amigos.", "user": 1, "content_type": 8}}, {"pk": 28, "model": "admin.logentry", "fields": {"action_flag": 2, "action_time": "2013-11-19T15:00:55.261Z", "object_repr": "daneyga, Guarenas - Daney", "object_id": "2", "change_message": "Changed amigos.", "user": 1, "content_type": 8}}, {"pk": 29, "model": "admin.logentry", "fields": {"action_flag": 2, "action_time": "2013-11-19T15:01:03.143Z", "object_repr": "fabyfpg, Pagua - Fabioly", "object_id": "3", "change_message": "Changed amigos.", "user": 1, "content_type": 8}}, {"pk": 30, "model": "admin.logentry", "fields": {"action_flag": 1, "action_time": "2013-11-19T15:02:56.751Z", "object_repr": "E choroni", "object_id": "1", "change_message": "", "user": 1, "content_type": 9}}, {"pk": 31, "model": "admin.logentry", "fields": {"action_flag": 1, "action_time": "2013-11-19T15:03:30.214Z", "object_repr": "E Avila", "object_id": "2", "change_message": "", "user": 1, "content_type": 9}}, {"pk": 32, "model": "admin.logentry", "fields": {"action_flag": 1, "action_time": "2013-11-19T15:06:09.910Z", "object_repr": "D playa", "object_id": "3", "change_message": "", "user": 1, "content_type": 9}}, {"pk": 33, "model": "admin.logentry", "fields": {"action_flag": 1, "action_time": "2013-11-19T15:06:42.351Z", "object_repr": "D playa1", "object_id": "4", "change_message": "", "user": 1, "content_type": 9}}, {"pk": 34, "model": "admin.logentry", "fields": {"action_flag": 1, "action_time": "2013-11-19T15:07:14.528Z", "object_repr": "F viaje", "object_id": "5", "change_message": "", "user": 1, "content_type": 9}}, {"pk": 35, "model": "admin.logentry", "fields": {"action_flag": 1, "action_time": "2013-11-19T15:07:42.369Z", "object_repr": "F piramides", "object_id": "6", "change_message": "", "user": 1, "content_type": 9}}, {"pk": 36, "model": "admin.logentry", "fields": {"action_flag": 1, "action_time": "2013-11-19T15:08:17.659Z", "object_repr": "L montana", "object_id": "7", "change_message": "", "user": 1, "content_type": 9}}, {"pk": 37, "model": "admin.logentry", "fields": {"action_flag": 1, "action_time": "2013-11-19T15:08:49.769Z", "object_repr": "L atardecer", "object_id": "8", "change_message": "", "user": 1, "content_type": 9}}, {"pk": 38, "model": "admin.logentry", "fields": {"action_flag": 1, "action_time": "2013-11-19T15:37:08.710Z", "object_repr": " Foto: http://distilleryimage2.s3.amazonaws.com/1b97e7ac56af11e384c01201eaa9cf62_6.jpg", "object_id": "4", "change_message": "", "user": 1, "content_type": 10}}, {"pk": 39, "model": "admin.logentry", "fields": {"action_flag": 1, "action_time": "2013-11-19T15:37:52.866Z", "object_repr": " Foto: http://distilleryimage0.s3.amazonaws.com/f17770e656ae11e39c22120bf3493343_6.jpg", "object_id": "5", "change_message": "", "user": 1, "content_type": 10}}, {"pk": 40, "model": "admin.logentry", "fields": {"action_flag": 2, "action_time": "2013-11-19T15:39:44.533Z", "object_repr": "E choroni Foto: http://distilleryimage2.s3.amazonaws.com/1b97e7ac56af11e384c01201eaa9cf62_6.jpg", "object_id": "4", "change_message": "No fields changed.", "user": 1, "content_type": 10}}, {"pk": 41, "model": "admin.logentry", "fields": {"action_flag": 1, "action_time": "2013-11-19T15:39:55.943Z", "object_repr": "E Avila Foto: http://distilleryimage2.s3.amazonaws.com/1b97e7ac56af11e384c01201eaa9cf62_6.jpg", "object_id": "6", "change_message": "", "user": 1, "content_type": 10}}, {"pk": 42, "model": "admin.logentry", "fields": {"action_flag": 1, "action_time": "2013-11-19T15:42:59.260Z", "object_repr": "D playa Foto: http://distilleryimage2.s3.amazonaws.com/1b97e7ac56af11e384c01201eaa9cf62_6.jpg", "object_id": "7", "change_message": "", "user": 1, "content_type": 10}}, {"pk": 43, "model": "admin.logentry", "fields": {"action_flag": 1, "action_time": "2013-11-19T15:43:11.477Z", "object_repr": "D playa Foto: http://distilleryimage0.s3.amazonaws.com/f17770e656ae11e39c22120bf3493343_6.jpg", "object_id": "8", "change_message": "", "user": 1, "content_type": 10}}, {"pk": 44, "model": "admin.logentry", "fields": {"action_flag": 1, "action_time": "2013-11-19T15:43:20.936Z", "object_repr": "F viaje Foto: http://distilleryimage1.s3.amazonaws.com/be83898456ab11e38a6b128428a4a01e_6.jpg", "object_id": "9", "change_message": "", "user": 1, "content_type": 10}}, {"pk": 45, "model": "admin.logentry", "fields": {"action_flag": 1, "action_time": "2013-11-19T15:43:30.352Z", "object_repr": "F piramides Foto: http://distilleryimage10.s3.amazonaws.com/f51e63a656ab11e395c40e318e690f28_6.jpg", "object_id": "10", "change_message": "", "user": 1, "content_type": 10}}, {"pk": 46, "model": "admin.logentry", "fields": {"action_flag": 1, "action_time": "2013-11-19T15:43:39.908Z", "object_repr": "F piramides Foto: http://distilleryimage8.s3.amazonaws.com/f254648456a811e3877f12bffcd6e56e_6.jpg", "object_id": "11", "change_message": "", "user": 1, "content_type": 10}}, {"pk": 47, "model": "admin.logentry", "fields": {"action_flag": 1, "action_time": "2013-11-19T15:43:51.611Z", "object_repr": "E choroni Foto: http://distilleryimage4.s3.amazonaws.com/0b74725456a611e3aa720e62859f8ede_6.jpg", "object_id": "12", "change_message": "", "user": 1, "content_type": 10}}, {"pk": 48, "model": "admin.logentry", "fields": {"action_flag": 1, "action_time": "2013-11-19T15:44:00.087Z", "object_repr": "E Avila Foto: http://distilleryimage5.s3.amazonaws.com/c87e62b056a611e3a15612cda819ea1e_6.jpg", "object_id": "13", "change_message": "", "user": 1, "content_type": 10}}, {"pk": 49, "model": "admin.logentry", "fields": {"action_flag": 1, "action_time": "2013-11-19T20:33:42.134Z", "object_repr": "Es bonita la foto", "object_id": "1", "change_message": "", "user": 1, "content_type": 11}}, {"pk": 50, "model": "admin.logentry", "fields": {"action_flag": 1, "action_time": "2013-11-19T20:34:01.534Z", "object_repr": "Es bonito el Album", "object_id": "2", "change_message": "", "user": 1, "content_type": 11}}, {"pk": 51, "model": "admin.logentry", "fields": {"action_flag": 1, "action_time": "2013-11-19T20:37:13.756Z", "object_repr": "fabyfpg Comentar Album", "object_id": "5", "change_message": "", "user": 1, "content_type": 13}}, {"pk": 52, "model": "admin.logentry", "fields": {"action_flag": 2, "action_time": "2013-11-19T21:10:37.755Z", "object_repr": "fabyfpg Es amiga de Daney", "object_id": "4", "change_message": "Changed accion.", "user": 1, "content_type": 13}}, {"pk": 53, "model": "admin.logentry", "fields": {"action_flag": 1, "action_time": "2013-11-19T21:11:01.765Z", "object_repr": "fabyfpg Es amiga de Emily", "object_id": "6", "change_message": "", "user": 1, "content_type": 13}}, {"pk": 54, "model": "admin.logentry", "fields": {"action_flag": 3, "action_time": "2013-11-19T22:02:33.500Z", "object_repr": "fabyfpg Es amiga de Emily", "object_id": "6", "change_message": "", "user": 1, "content_type": 13}}, {"pk": 55, "model": "admin.logentry", "fields": {"action_flag": 3, "action_time": "2013-11-19T22:02:33.528Z", "object_repr": "fabyfpg Comentar Album", "object_id": "5", "change_message": "", "user": 1, "content_type": 13}}, {"pk": 56, "model": "admin.logentry", "fields": {"action_flag": 3, "action_time": "2013-11-19T22:02:33.539Z", "object_repr": "fabyfpg Es amiga de Daney", "object_id": "4", "change_message": "", "user": 1, "content_type": 13}}, {"pk": 57, "model": "admin.logentry", "fields": {"action_flag": 3, "action_time": "2013-11-19T22:02:33.551Z", "object_repr": "daneyga Amistad", "object_id": "3", "change_message": "", "user": 1, "content_type": 13}}, {"pk": 58, "model": "admin.logentry", "fields": {"action_flag": 3, "action_time": "2013-11-19T22:02:33.561Z", "object_repr": "emilyfpg Amistad", "object_id": "2", "change_message": "", "user": 1, "content_type": 13}}, {"pk": 59, "model": "admin.logentry", "fields": {"action_flag": 3, "action_time": "2013-11-19T22:02:33.572Z", "object_repr": "emilyfpg Amistad", "object_id": "1", "change_message": "", "user": 1, "content_type": 13}}, {"pk": 60, "model": "admin.logentry", "fields": {"action_flag": 1, "action_time": "2013-11-19T22:08:52.707Z", "object_repr": "emilyfpg Nuevo album", "object_id": "1", "change_message": "", "user": 1, "content_type": 13}}, {"pk": 61, "model": "admin.logentry", "fields": {"action_flag": 1, "action_time": "2013-11-19T22:09:08.777Z", "object_repr": "emilyfpg Nuevo album", "object_id": "2", "change_message": "", "user": 1, "content_type": 13}}, {"pk": 62, "model": "admin.logentry", "fields": {"action_flag": 1, "action_time": "2013-11-19T22:09:28.609Z", "object_repr": "daneyga Nuevo album", "object_id": "3", "change_message": "", "user": 1, "content_type": 13}}, {"pk": 63, "model": "admin.logentry", "fields": {"action_flag": 1, "action_time": "2013-11-19T22:09:41.400Z", "object_repr": "daneyga Nuevo album", "object_id": "4", "change_message": "", "user": 1, "content_type": 13}}, {"pk": 64, "model": "admin.logentry", "fields": {"action_flag": 1, "action_time": "2013-11-19T22:09:54.049Z", "object_repr": "fabyfpg Nuevo album", "object_id": "5", "change_message": "", "user": 1, "content_type": 13}}, {"pk": 65, "model": "admin.logentry", "fields": {"action_flag": 1, "action_time": "2013-11-19T22:10:09.202Z", "object_repr": "fabyfpg Nuevo album", "object_id": "6", "change_message": "", "user": 1, "content_type": 13}}, {"pk": 66, "model": "admin.logentry", "fields": {"action_flag": 1, "action_time": "2013-11-19T22:10:46.201Z", "object_repr": "lizbethga Nuevo album", "object_id": "7", "change_message": "", "user": 1, "content_type": 13}}, {"pk": 67, "model": "admin.logentry", "fields": {"action_flag": 1, "action_time": "2013-11-19T22:10:57.132Z", "object_repr": "lizbethga Nuevo album", "object_id": "8", "change_message": "", "user": 1, "content_type": 13}}, {"pk": 68, "model": "admin.logentry", "fields": {"action_flag": 1, "action_time": "2013-11-20T00:44:08.898Z", "object_repr": "emilyfpg Amistad", "object_id": "9", "change_message": "", "user": 1, "content_type": 13}}, {"pk": 69, "model": "admin.logentry", "fields": {"action_flag": 1, "action_time": "2013-11-20T00:44:22.130Z", "object_repr": "emilyfpg Amistad", "object_id": "10", "change_message": "", "user": 1, "content_type": 13}}, {"pk": 70, "model": "admin.logentry", "fields": {"action_flag": 1, "action_time": "2013-11-20T00:44:36.405Z", "object_repr": "fabyfpg Amistad", "object_id": "11", "change_message": "", "user": 1, "content_type": 13}}, {"pk": 71, "model": "admin.logentry", "fields": {"action_flag": 1, "action_time": "2013-11-20T00:44:47.968Z", "object_repr": "daneyga Amistad", "object_id": "12", "change_message": "", "user": 1, "content_type": 13}}, {"pk": 72, "model": "admin.logentry", "fields": {"action_flag": 1, "action_time": "2013-11-20T00:45:31.345Z", "object_repr": "fabyfpg  <---  emilyfpg", "object_id": "2", "change_message": "", "user": 1, "content_type": 14}}, {"pk": 73, "model": "admin.logentry", "fields": {"action_flag": 1, "action_time": "2013-11-20T00:45:51.023Z", "object_repr": "fabyfpg  <---  daneyga", "object_id": "3", "change_message": "", "user": 1, "content_type": 14}}, {"pk": 74, "model": "admin.logentry", "fields": {"action_flag": 1, "action_time": "2013-11-20T00:46:07.619Z", "object_repr": "daneyga  <---  emilyfpg", "object_id": "4", "change_message": "", "user": 1, "content_type": 14}}, {"pk": 75, "model": "admin.logentry", "fields": {"action_flag": 1, "action_time": "2013-11-20T00:46:22.602Z", "object_repr": "emilyfpg  <---  fabyfpg", "object_id": "5", "change_message": "", "user": 1, "content_type": 14}}, {"pk": 76, "model": "admin.logentry", "fields": {"action_flag": 2, "action_time": "2013-11-20T00:47:01.095Z", "object_repr": "emilyfpg, Pagua - Emily", "object_id": "1", "change_message": "Changed amigos.", "user": 1, "content_type": 8}}, {"pk": 77, "model": "admin.logentry", "fields": {"action_flag": 2, "action_time": "2013-11-20T00:47:22.935Z", "object_repr": "daneyga, Guarenas - Daney", "object_id": "2", "change_message": "Changed amigos.", "user": 1, "content_type": 8}}, {"pk": 78, "model": "admin.logentry", "fields": {"action_flag": 2, "action_time": "2013-11-20T00:47:37.052Z", "object_repr": "fabyfpg, Pagua - Fabioly", "object_id": "3", "change_message": "Changed amigos.", "user": 1, "content_type": 8}}, {"pk": 79, "model": "admin.logentry", "fields": {"action_flag": 2, "action_time": "2013-11-20T00:50:16.404Z", "object_repr": "emilyfpg  <---  fabyfpg", "object_id": "5", "change_message": "Changed status.", "user": 1, "content_type": 14}}, {"pk": 80, "model": "admin.logentry", "fields": {"action_flag": 2, "action_time": "2013-11-20T00:50:21.849Z", "object_repr": "daneyga  <---  emilyfpg", "object_id": "4", "change_message": "Changed status.", "user": 1, "content_type": 14}}, {"pk": 81, "model": "admin.logentry", "fields": {"action_flag": 2, "action_time": "2013-11-20T00:50:26.784Z", "object_repr": "fabyfpg  <---  daneyga", "object_id": "3", "change_message": "Changed status.", "user": 1, "content_type": 14}}, {"pk": 82, "model": "admin.logentry", "fields": {"action_flag": 2, "action_time": "2013-11-20T00:50:31.293Z", "object_repr": "fabyfpg  <---  emilyfpg", "object_id": "2", "change_message": "Changed status.", "user": 1, "content_type": 14}}, {"pk": 83, "model": "admin.logentry", "fields": {"action_flag": 1, "action_time": "2013-11-20T14:45:09.711Z", "object_repr": "fabyfpg Comentar Album", "object_id": "13", "change_message": "", "user": 1, "content_type": 13}}, {"pk": 84, "model": "admin.logentry", "fields": {"action_flag": 1, "action_time": "2013-11-20T14:45:46.321Z", "object_repr": "emilyfpg  <---  fabyfpg", "object_id": "6", "change_message": "", "user": 1, "content_type": 14}}, {"pk": 85, "model": "admin.logentry", "fields": {"action_flag": 2, "action_time": "2013-11-22T04:55:24.186Z", "object_repr": "emilyfpg Amistad", "object_id": "14", "change_message": "Changed accion.", "user": 1, "content_type": 13}}, {"pk": 86, "model": "admin.logentry", "fields": {"action_flag": 2, "action_time": "2013-11-22T04:55:31.563Z", "object_repr": "daneyga Amistad", "object_id": "15", "change_message": "Changed accion.", "user": 1, "content_type": 13}}, {"pk": 87, "model": "admin.logentry", "fields": {"action_flag": 2, "action_time": "2013-11-22T04:55:38.070Z", "object_repr": "daneyga Amistad", "object_id": "16", "change_message": "Changed accion.", "user": 1, "content_type": 13}}, {"pk": 88, "model": "admin.logentry", "fields": {"action_flag": 2, "action_time": "2013-11-22T04:56:32.852Z", "object_repr": "daneyga  <---  emilyfpg", "object_id": "7", "change_message": "Changed descripcion.", "user": 1, "content_type": 14}}, {"pk": 89, "model": "admin.logentry", "fields": {"action_flag": 2, "action_time": "2013-11-22T04:56:40.740Z", "object_repr": "emilyfpg  <---  daneyga", "object_id": "8", "change_message": "Changed descripcion.", "user": 1, "content_type": 14}}, {"pk": 90, "model": "admin.logentry", "fields": {"action_flag": 2, "action_time": "2013-11-22T04:56:46.925Z", "object_repr": "lizbethga  <---  daneyga", "object_id": "9", "change_message": "Changed descripcion.", "user": 1, "content_type": 14}}, {"pk": 1, "model": "polls.usuarioperfil", "fields": {"foto": "imagenusuario/mily_4.jpg", "twitter": "@milily", "direccion": "Los Teques", "facebook": "Mily Pagua", "fkusuario": 2, "privacidad": false, "amigos": [4, 3, 1], "fechanacimiento": "2013-11-02"}}, {"pk": 2, "model": "polls.usuarioperfil", "fields": {"foto": "imagenusuario/juan_1.jpg", "twitter": "@daneyguarenas", "direccion": "La Gunetica", "facebook": "Daney Guarenas", "fkusuario": 3, "privacidad": true, "amigos": [4, 2], "fechanacimiento": "2013-11-01"}}, {"pk": 3, "model": "polls.usuarioperfil", "fields": {"foto": "imagenusuario/fabioly.jpg", "twitter": "@fabiolypagua", "direccion": "Los Teques", "facebook": "Fabioly Pagua", "fkusuario": 4, "privacidad": true, "amigos": [3, 1, 2], "fechanacimiento": "2013-11-14"}}, {"pk": 4, "model": "polls.usuarioperfil", "fields": {"foto": "imagenusuario/lizbeth.jpg", "twitter": "@lizbeth", "direccion": "La Gunetica", "facebook": "Lizbeth Arocha", "fkusuario": 5, "privacidad": false, "amigos": [], "fechanacimiento": "2013-11-16"}}, {"pk": 1, "model": "polls.album", "fields": {"descripcion": "Playa 2012", "nombre": "E choroni", "foto": "imagenalbum/paisaje_5.jpg", "fkusuario": 2, "privacidad": false}}, {"pk": 2, "model": "polls.album", "fields": {"descripcion": "Monta\u00f1a", "nombre": "E Avila", "foto": "imagenalbum/paisajesDefinido_1.jpg", "fkusuario": 2, "privacidad": false}}, {"pk": 3, "model": "polls.album", "fields": {"descripcion": "chorini 2012", "nombre": "D playa", "foto": "imagenalbum/d_playa.jpg", "fkusuario": 3, "privacidad": true}}, {"pk": 4, "model": "polls.album", "fields": {"descripcion": "Playa 2013", "nombre": "D playa1", "foto": "imagenalbum/d_playa1.jpg", "fkusuario": 3, "privacidad": true}}, {"pk": 5, "model": "polls.album", "fields": {"descripcion": "vacaciones 20013", "nombre": "F viaje", "foto": "imagenalbum/f_torre.jpg", "fkusuario": 4, "privacidad": false}}, {"pk": 6, "model": "polls.album", "fields": {"descripcion": "piramides de Egipto", "nombre": "F piramides", "foto": "imagenalbum/f_piramides.jpg", "fkusuario": 4, "privacidad": true}}, {"pk": 7, "model": "polls.album", "fields": {"descripcion": "Monta\u00f1a", "nombre": "L montana", "foto": "imagenalbum/l_montana.jpg", "fkusuario": 5, "privacidad": true}}, {"pk": 8, "model": "polls.album", "fields": {"descripcion": "Atardecer", "nombre": "L atardecer", "foto": "imagenalbum/l_atardecer.jpg", "fkusuario": 5, "privacidad": true}}, {"pk": 9, "model": "polls.album", "fields": {"descripcion": "Es la mejor playa que he visitado", "nombre": "Playita", "foto": "imagenalbum/e_playa.jpg", "fkusuario": 2, "privacidad": true}}, {"pk": 10, "model": "polls.album", "fields": {"descripcion": "Es la mejor playa que he visitado", "nombre": "Playita", "foto": "imagenalbum/e_playa_1.jpg", "fkusuario": 2, "privacidad": true}}, {"pk": 11, "model": "polls.album", "fields": {"descripcion": "Es la mejor playa que he visitado", "nombre": "Playita", "foto": "imagenalbum/e_playa_2.jpg", "fkusuario": 2, "privacidad": true}}, {"pk": 1, "model": "polls.comentario", "fields": {"descripcion": "Es bonita la foto", "fkalbum": null, "userComentador": 4, "fkcontenido": 5}}, {"pk": 2, "model": "polls.comentario", "fields": {"descripcion": "Es bonito el Album", "fkalbum": 2, "userComentador": 4, "fkcontenido": null}}, {"pk": 1, "model": "polls.historial", "fields": {"fkalbum": 1, "fkcomentario": null, "accion": "Nuevo album", "fklike": null, "usuario": 2}}, {"pk": 2, "model": "polls.historial", "fields": {"fkalbum": 2, "fkcomentario": null, "accion": "Nuevo album", "fklike": null, "usuario": 2}}, {"pk": 3, "model": "polls.historial", "fields": {"fkalbum": 3, "fkcomentario": null, "accion": "Nuevo album", "fklike": null, "usuario": 3}}, {"pk": 4, "model": "polls.historial", "fields": {"fkalbum": 4, "fkcomentario": null, "accion": "Nuevo album", "fklike": null, "usuario": 3}}, {"pk": 5, "model": "polls.historial", "fields": {"fkalbum": 5, "fkcomentario": null, "accion": "Nuevo album", "fklike": null, "usuario": 4}}, {"pk": 6, "model": "polls.historial", "fields": {"fkalbum": 6, "fkcomentario": null, "accion": "Nuevo album", "fklike": null, "usuario": 4}}, {"pk": 7, "model": "polls.historial", "fields": {"fkalbum": 7, "fkcomentario": null, "accion": "Nuevo album", "fklike": null, "usuario": 5}}, {"pk": 8, "model": "polls.historial", "fields": {"fkalbum": 8, "fkcomentario": null, "accion": "Nuevo album", "fklike": null, "usuario": 5}}, {"pk": 9, "model": "polls.historial", "fields": {"fkalbum": null, "fkcomentario": null, "accion": "Amistad", "fklike": null, "usuario": 2}}, {"pk": 10, "model": "polls.historial", "fields": {"fkalbum": null, "fkcomentario": null, "accion": "Amistad", "fklike": null, "usuario": 2}}, {"pk": 11, "model": "polls.historial", "fields": {"fkalbum": null, "fkcomentario": null, "accion": "Amistad", "fklike": null, "usuario": 4}}, {"pk": 12, "model": "polls.historial", "fields": {"fkalbum": null, "fkcomentario": null, "accion": "Amistad", "fklike": null, "usuario": 3}}, {"pk": 13, "model": "polls.historial", "fields": {"fkalbum": null, "fkcomentario": 2, "accion": "Comentar Album", "fklike": null, "usuario": 4}}, {"pk": 14, "model": "polls.historial", "fields": {"fkalbum": null, "fkcomentario": null, "accion": "Amistad", "fklike": null, "usuario": 2}}, {"pk": 15, "model": "polls.historial", "fields": {"fkalbum": null, "fkcomentario": null, "accion": "Amistad", "fklike": null, "usuario": 3}}, {"pk": 16, "model": "polls.historial", "fields": {"fkalbum": null, "fkcomentario": null, "accion": "Amistad", "fklike": null, "usuario": 3}}, {"pk": 2, "model": "polls.notificacion", "fields": {"descripcion": "Amistad", "historia": 9, "status": true, "usuario": 4}}, {"pk": 3, "model": "polls.notificacion", "fields": {"descripcion": "Amistad", "historia": 12, "status": true, "usuario": 4}}, {"pk": 4, "model": "polls.notificacion", "fields": {"descripcion": "Amistad", "historia": 10, "status": true, "usuario": 3}}, {"pk": 5, "model": "polls.notificacion", "fields": {"descripcion": "Amistad", "historia": 11, "status": true, "usuario": 2}}, {"pk": 6, "model": "polls.notificacion", "fields": {"descripcion": "Comentaron un contenido tuyo", "historia": 13, "status": false, "usuario": 2}}, {"pk": 7, "model": "polls.notificacion", "fields": {"descripcion": "Amistad", "historia": 14, "status": false, "usuario": 3}}, {"pk": 8, "model": "polls.notificacion", "fields": {"descripcion": "Amistad", "historia": 15, "status": false, "usuario": 2}}, {"pk": 9, "model": "polls.notificacion", "fields": {"descripcion": "Amistad", "historia": 16, "status": false, "usuario": 5}}]