[{"pk": 1, "model": "contenttypes.contenttype", "fields": {"model": "permission", "name": "permission", "app_label": "auth"}}, {"pk": 2, "model": "contenttypes.contenttype", "fields": {"model": "group", "name": "group", "app_label": "auth"}}, {"pk": 3, "model": "contenttypes.contenttype", "fields": {"model": "user", "name": "user", "app_label": "auth"}}, {"pk": 4, "model": "contenttypes.contenttype", "fields": {"model": "contenttype", "name": "content type", "app_label": "contenttypes"}}, {"pk": 5, "model": "contenttypes.contenttype", "fields": {"model": "session", "name": "session", "app_label": "sessions"}}, {"pk": 6, "model": "contenttypes.contenttype", "fields": {"model": "site", "name": "site", "app_label": "sites"}}, {"pk": 7, "model": "contenttypes.contenttype", "fields": {"model": "logentry", "name": "log entry", "app_label": "admin"}}, {"pk": 8, "model": "contenttypes.contenttype", "fields": {"model": "usuarioperfil", "name": "usuario perfil", "app_label": "polls"}}, {"pk": 9, "model": "contenttypes.contenttype", "fields": {"model": "album", "name": "album", "app_label": "polls"}}, {"pk": 10, "model": "contenttypes.contenttype", "fields": {"model": "contenido", "name": "contenido", "app_label": "polls"}}, {"pk": 11, "model": "contenttypes.contenttype", "fields": {"model": "comentario", "name": "comentario", "app_label": "polls"}}, {"pk": 12, "model": "contenttypes.contenttype", "fields": {"model": "like", "name": "like", "app_label": "polls"}}, {"pk": 13, "model": "contenttypes.contenttype", "fields": {"model": "historial", "name": "historial", "app_label": "polls"}}, {"pk": 14, "model": "contenttypes.contenttype", "fields": {"model": "notificacion", "name": "notificacion", "app_label": "polls"}}, {"pk": "3sjms6v9rurhiakoqogwrw49ahvhyp90", "model": "sessions.session", "fields": {"expire_date": "2013-12-13T23:55:27.446Z", "session_data": "YmU5NDVjMDI3NDU4YzE4ZGQzM2M3NmIyYTE3ZGIyMTUyMzBiNzM5Yzp7Il9hdXRoX3VzZXJfYmFja2VuZCI6ImRqYW5nby5jb250cmliLmF1dGguYmFja2VuZHMuTW9kZWxCYWNrZW5kIiwiX2F1dGhfdXNlcl9pZCI6MX0="}}, {"pk": "7ex6rflpdwqho9s7puo978dgnk3jbb2k", "model": "sessions.session", "fields": {"expire_date": "2013-12-15T23:53:30.053Z", "session_data": "NDJlOWU0MDQxNzc5N2U1OTg1YTQ5YjgyODVkYzA4OTEzN2NmMTA4Yzp7Il9hdXRoX3VzZXJfYmFja2VuZCI6ImRqYW5nby5jb250cmliLmF1dGguYmFja2VuZHMuTW9kZWxCYWNrZW5kIiwiX2F1dGhfdXNlcl9pZCI6Nn0="}}, {"pk": 1, "model": "sites.site", "fields": {"domain": "example.com", "name": "example.com"}}, {"pk": 1, "model": "polls.contenido", "fields": {"urlvideo": null, "fkalbum": 2, "urlfoto": "http://distilleryimage7.s3.amazonaws.com/ba60d4bc5ebf11e38ec60ed5b89ef40f_6.jpg", "urlaudio": null}}, {"pk": 2, "model": "polls.contenido", "fields": {"urlvideo": null, "fkalbum": 2, "urlfoto": "http://distilleryimage9.s3.amazonaws.com/95e0d4385ebb11e3b0ca121330b28c35_6.jpg", "urlaudio": null}}, {"pk": 3, "model": "polls.contenido", "fields": {"urlvideo": null, "fkalbum": 2, "urlfoto": "http://distilleryimage11.s3.amazonaws.com/5999abde5e7111e3b85612a7545bb72a_6.jpg", "urlaudio": null}}, {"pk": 4, "model": "polls.contenido", "fields": {"urlvideo": null, "fkalbum": 2, "urlfoto": "http://distilleryimage0.s3.amazonaws.com/c7e1a0b05e6c11e39bd40e7965e0908e_6.jpg", "urlaudio": null}}, {"pk": 5, "model": "polls.contenido", "fields": {"urlvideo": null, "fkalbum": 2, "urlfoto": "http://distilleryimage4.s3.amazonaws.com/b0d040665ed011e3a0c81236548e9e2a_6.jpg", "urlaudio": null}}, {"pk": 6, "model": "polls.contenido", "fields": {"urlvideo": null, "fkalbum": 2, "urlfoto": "http://distilleryimage11.s3.amazonaws.com/7afd90f65ed011e3a39f0a8c736f263b_6.jpg", "urlaudio": null}}, {"pk": 7, "model": "polls.contenido", "fields": {"urlvideo": null, "fkalbum": 2, "urlfoto": "http://distilleryimage8.s3.amazonaws.com/05fb25ac5ed011e39139123955c862d9_6.jpg", "urlaudio": null}}, {"pk": 8, "model": "polls.contenido", "fields": {"urlvideo": null, "fkalbum": 2, "urlfoto": "http://distilleryimage6.s3.amazonaws.com/cf2042f65ecf11e3b33812247d6e2fa4_6.jpg", "urlaudio": null}}, {"pk": 9, "model": "polls.contenido", "fields": {"urlvideo": null, "fkalbum": 2, "urlfoto": "http://distilleryimage1.s3.amazonaws.com/07dfc7345ec511e39ed7120829958d13_6.jpg", "urlaudio": null}}, {"pk": 10, "model": "polls.contenido", "fields": {"urlvideo": null, "fkalbum": 2, "urlfoto": "http://distilleryimage8.s3.amazonaws.com/6b6d1d145ec111e3b0fd12440ac5900d_6.jpg", "urlaudio": null}}, {"pk": 11, "model": "polls.contenido", "fields": {"urlvideo": null, "fkalbum": 2, "urlfoto": "http://distilleryimage5.s3.amazonaws.com/aed48bf45ec211e38bd512a12d5e0079_6.jpg", "urlaudio": null}}, {"pk": 1, "model": "auth.permission", "fields": {"codename": "add_permission", "name": "Can add permission", "content_type": 1}}, {"pk": 2, "model": "auth.permission", "fields": {"codename": "change_permission", "name": "Can change permission", "content_type": 1}}, {"pk": 3, "model": "auth.permission", "fields": {"codename": "delete_permission", "name": "Can delete permission", "content_type": 1}}, {"pk": 4, "model": "auth.permission", "fields": {"codename": "add_group", "name": "Can add group", "content_type": 2}}, {"pk": 5, "model": "auth.permission", "fields": {"codename": "change_group", "name": "Can change group", "content_type": 2}}, {"pk": 6, "model": "auth.permission", "fields": {"codename": "delete_group", "name": "Can delete group", "content_type": 2}}, {"pk": 7, "model": "auth.permission", "fields": {"codename": "add_user", "name": "Can add user", "content_type": 3}}, {"pk": 8, "model": "auth.permission", "fields": {"codename": "change_user", "name": "Can change user", "content_type": 3}}, {"pk": 9, "model": "auth.permission", "fields": {"codename": "delete_user", "name": "Can delete user", "content_type": 3}}, {"pk": 10, "model": "auth.permission", "fields": {"codename": "add_contenttype", "name": "Can add content type", "content_type": 4}}, {"pk": 11, "model": "auth.permission", "fields": {"codename": "change_contenttype", "name": "Can change content type", "content_type": 4}}, {"pk": 12, "model": "auth.permission", "fields": {"codename": "delete_contenttype", "name": "Can delete content type", "content_type": 4}}, {"pk": 13, "model": "auth.permission", "fields": {"codename": "add_session", "name": "Can add session", "content_type": 5}}, {"pk": 14, "model": "auth.permission", "fields": {"codename": "change_session", "name": "Can change session", "content_type": 5}}, {"pk": 15, "model": "auth.permission", "fields": {"codename": "delete_session", "name": "Can delete session", "content_type": 5}}, {"pk": 16, "model": "auth.permission", "fields": {"codename": "add_site", "name": "Can add site", "content_type": 6}}, {"pk": 17, "model": "auth.permission", "fields": {"codename": "change_site", "name": "Can change site", "content_type": 6}}, {"pk": 18, "model": "auth.permission", "fields": {"codename": "delete_site", "name": "Can delete site", "content_type": 6}}, {"pk": 19, "model": "auth.permission", "fields": {"codename": "add_logentry", "name": "Can add log entry", "content_type": 7}}, {"pk": 20, "model": "auth.permission", "fields": {"codename": "change_logentry", "name": "Can change log entry", "content_type": 7}}, {"pk": 21, "model": "auth.permission", "fields": {"codename": "delete_logentry", "name": "Can delete log entry", "content_type": 7}}, {"pk": 22, "model": "auth.permission", "fields": {"codename": "add_usuarioperfil", "name": "Can add usuario perfil", "content_type": 8}}, {"pk": 23, "model": "auth.permission", "fields": {"codename": "change_usuarioperfil", "name": "Can change usuario perfil", "content_type": 8}}, {"pk": 24, "model": "auth.permission", "fields": {"codename": "delete_usuarioperfil", "name": "Can delete usuario perfil", "content_type": 8}}, {"pk": 25, "model": "auth.permission", "fields": {"codename": "add_album", "name": "Can add album", "content_type": 9}}, {"pk": 26, "model": "auth.permission", "fields": {"codename": "change_album", "name": "Can change album", "content_type": 9}}, {"pk": 27, "model": "auth.permission", "fields": {"codename": "delete_album", "name": "Can delete album", "content_type": 9}}, {"pk": 28, "model": "auth.permission", "fields": {"codename": "add_contenido", "name": "Can add contenido", "content_type": 10}}, {"pk": 29, "model": "auth.permission", "fields": {"codename": "change_contenido", "name": "Can change contenido", "content_type": 10}}, {"pk": 30, "model": "auth.permission", "fields": {"codename": "delete_contenido", "name": "Can delete contenido", "content_type": 10}}, {"pk": 31, "model": "auth.permission", "fields": {"codename": "add_comentario", "name": "Can add comentario", "content_type": 11}}, {"pk": 32, "model": "auth.permission", "fields": {"codename": "change_comentario", "name": "Can change comentario", "content_type": 11}}, {"pk": 33, "model": "auth.permission", "fields": {"codename": "delete_comentario", "name": "Can delete comentario", "content_type": 11}}, {"pk": 34, "model": "auth.permission", "fields": {"codename": "add_like", "name": "Can add like", "content_type": 12}}, {"pk": 35, "model": "auth.permission", "fields": {"codename": "change_like", "name": "Can change like", "content_type": 12}}, {"pk": 36, "model": "auth.permission", "fields": {"codename": "delete_like", "name": "Can delete like", "content_type": 12}}, {"pk": 37, "model": "auth.permission", "fields": {"codename": "add_historial", "name": "Can add historial", "content_type": 13}}, {"pk": 38, "model": "auth.permission", "fields": {"codename": "change_historial", "name": "Can change historial", "content_type": 13}}, {"pk": 39, "model": "auth.permission", "fields": {"codename": "delete_historial", "name": "Can delete historial", "content_type": 13}}, {"pk": 40, "model": "auth.permission", "fields": {"codename": "add_notificacion", "name": "Can add notificacion", "content_type": 14}}, {"pk": 41, "model": "auth.permission", "fields": {"codename": "change_notificacion", "name": "Can change notificacion", "content_type": 14}}, {"pk": 42, "model": "auth.permission", "fields": {"codename": "delete_notificacion", "name": "Can delete notificacion", "content_type": 14}}, {"pk": 1, "model": "auth.user", "fields": {"username": "root", "first_name": "", "last_name": "", "is_active": true, "is_superuser": true, "is_staff": true, "last_login": "2013-11-29T23:55:27.434Z", "groups": [], "user_permissions": [], "password": "pbkdf2_sha256$10000$YWSDLy9CIYPl$rIv2CJKqlBBfSrtD88Fcyo6DtK0uZOZRSA7DApKxkrs=", "email": "emily@gmail.com", "date_joined": "2013-11-29T23:45:00.304Z"}}, {"pk": 6, "model": "auth.user", "fields": {"username": "emilyfpg", "first_name": "Emily", "last_name": "Pagua", "is_active": true, "is_superuser": false, "is_staff": false, "last_login": "2013-12-01T23:53:29.975Z", "groups": [], "user_permissions": [], "password": "pbkdf2_sha256$10000$3GpyRxi6JWTE$JgO6j2G18Ssg8QPvLtHGiBPQRw//tKneDc4LjCHilcE=", "email": "emilyfpg@gmail.com", "date_joined": "2013-11-29T23:57:02.145Z"}}, {"pk": 7, "model": "auth.user", "fields": {"username": "fabiolypg", "first_name": "Fabioly", "last_name": "Pagua", "is_active": true, "is_superuser": false, "is_staff": false, "last_login": "2013-11-29T23:57:35.174Z", "groups": [], "user_permissions": [], "password": "pbkdf2_sha256$10000$aVZYuvvkYLWN$SxP5rdP6uffhAxyX0u01TI2geLT9RIVqXTHuuuxqdWM=", "email": "fabiolypagua@gmail.com", "date_joined": "2013-11-29T23:57:35.174Z"}}, {"pk": 8, "model": "auth.user", "fields": {"username": "daney", "first_name": "Daney", "last_name": "Guarenas", "is_active": true, "is_superuser": false, "is_staff": false, "last_login": "2013-11-29T23:58:39.497Z", "groups": [], "user_permissions": [], "password": "pbkdf2_sha256$10000$4WuDq6e2kGBm$U8mQA+dz8igooNtGkYb+tiaTofppdHdotA6X50BckM8=", "email": "daneyguarenas@gmail.com", "date_joined": "2013-11-29T23:58:39.497Z"}}, {"pk": 9, "model": "auth.user", "fields": {"username": "carlosdbm", "first_name": "Carlos", "last_name": "Barroeta", "is_active": true, "is_superuser": false, "is_staff": false, "last_login": "2013-11-30T00:26:00.243Z", "groups": [], "user_permissions": [], "password": "pbkdf2_sha256$10000$OIBfXziSD1EU$Ns2hwUC5nreRk6WFRiNXGOyTxNWcrD4YjzOEnPIhKdc=", "email": "carlosdbm.ucab@gmail.com", "date_joined": "2013-11-30T00:02:21.479Z"}}, {"pk": 1, "model": "admin.logentry", "fields": {"action_flag": 3, "action_time": "2013-11-29T23:56:10.061Z", "object_repr": "andreinapalm", "object_id": "5", "change_message": "", "user": 1, "content_type": 3}}, {"pk": 2, "model": "admin.logentry", "fields": {"action_flag": 3, "action_time": "2013-11-29T23:56:10.091Z", "object_repr": "daneyga", "object_id": "3", "change_message": "", "user": 1, "content_type": 3}}, {"pk": 3, "model": "admin.logentry", "fields": {"action_flag": 3, "action_time": "2013-11-29T23:56:10.099Z", "object_repr": "emilyfpg", "object_id": "2", "change_message": "", "user": 1, "content_type": 3}}, {"pk": 4, "model": "admin.logentry", "fields": {"action_flag": 3, "action_time": "2013-11-29T23:56:10.110Z", "object_repr": "fabiolypg", "object_id": "4", "change_message": "", "user": 1, "content_type": 3}}, {"pk": 5, "model": "admin.logentry", "fields": {"action_flag": 1, "action_time": "2013-11-30T00:27:30.267Z", "object_repr": "emilyfpg comentario", "object_id": "14", "change_message": "", "user": 1, "content_type": 13}}, {"pk": 5, "model": "polls.usuarioperfil", "fields": {"foto": "imagenusuario/mily.jpg", "direccion": "Los Teques", "facebook": "Emily Pagua", "fkusuario": 6, "privacidad": true, "amigos": [9], "fechanacimiento": "1990-07-06"}}, {"pk": 6, "model": "polls.usuarioperfil", "fields": {"foto": "imagenusuario/fabioly.jpg", "direccion": "Valencia", "facebook": "Fabioly Pagua", "fkusuario": 7, "privacidad": true, "amigos": [], "fechanacimiento": "1995-02-06"}}, {"pk": 7, "model": "polls.usuarioperfil", "fields": {"foto": "imagenusuario/daney.jpg", "direccion": "La Gunetica", "facebook": "Emily Pagua", "fkusuario": 8, "privacidad": false, "amigos": [], "fechanacimiento": "1991-01-02"}}, {"pk": 8, "model": "polls.usuarioperfil", "fields": {"foto": "imagenusuario/carlos.jpg", "direccion": "Caracas", "facebook": "", "fkusuario": 9, "privacidad": false, "amigos": [6], "fechanacimiento": "1985-02-22"}}, {"pk": 2, "model": "polls.album", "fields": {"descripcion": "Esta es la mejor universidad de Venezuela", "nombre": "UCAB", "foto": "imagenalbum/ucab.jpg", "fkusuario": 6, "privacidad": true}}, {"pk": 3, "model": "polls.album", "fields": {"descripcion": "Choroni 2013, es una de las playas que mas me gusta, es muy divertida. adoro esa playa", "nombre": "Playa", "foto": "imagenalbum/d_playa1.jpg", "fkusuario": 6, "privacidad": true}}, {"pk": 4, "model": "polls.album", "fields": {"descripcion": "Es al ente gubernamental al que le estoy trabajando actualmente. ", "nombre": "CNE", "foto": "imagenalbum/cne.jpg", "fkusuario": 9, "privacidad": false}}, {"pk": 5, "model": "polls.album", "fields": {"descripcion": "Navidades en familia, lo mejor que puede haber...", "nombre": "Navidad", "foto": "imagenalbum/navidad.jpg", "fkusuario": 9, "privacidad": false}}, {"pk": 1, "model": "polls.comentario", "fields": {"descripcion": "Me gusta estar en la universidad, siempre y cuando no tenga clases.", "fkalbum": 2, "replica": null, "userComentador": 6}}, {"pk": 2, "model": "polls.comentario", "fields": {"descripcion": "me gusta ir a esta playa tan hermosa", "fkalbum": 2, "replica": null, "userComentador": 6}}, {"pk": 3, "model": "polls.comentario", "fields": {"descripcion": "Me gusta ir a esta playa, cada vez que puedo ir voy... me relajo y paso un buen rato con migo misma", "fkalbum": 3, "replica": null, "userComentador": 6}}, {"pk": 4, "model": "polls.comentario", "fields": {"descripcion": "esta playa es muy bonita, yo tambie he ido.", "fkalbum": 3, "replica": null, "userComentador": 9}}, {"pk": 5, "model": "polls.comentario", "fields": {"descripcion": "Me gustan tus fotos, ", "fkalbum": 3, "replica": 3, "userComentador": 9}}, {"pk": 6, "model": "polls.comentario", "fields": {"descripcion": "Estos si que son imparciales...", "fkalbum": 4, "replica": null, "userComentador": 9}}, {"pk": 4, "model": "polls.like", "fields": {"userLike": 9, "fkalbum": null, "fkcomentario": 3, "like": true}}, {"pk": 4, "model": "polls.historial", "fields": {"fkalbum": null, "fkcomentario": null, "accion": "Amistad", "fklike": null, "usuario": 6}}, {"pk": 5, "model": "polls.historial", "fields": {"fkalbum": null, "fkcomentario": null, "accion": "Amistad", "fklike": null, "usuario": 6}}, {"pk": 6, "model": "polls.historial", "fields": {"fkalbum": 2, "fkcomentario": null, "accion": "Nuevo album", "fklike": null, "usuario": 6}}, {"pk": 7, "model": "polls.historial", "fields": {"fkalbum": null, "fkcomentario": 1, "accion": "comentario", "fklike": null, "usuario": 6}}, {"pk": 8, "model": "polls.historial", "fields": {"fkalbum": 3, "fkcomentario": null, "accion": "Nuevo album", "fklike": null, "usuario": 6}}, {"pk": 9, "model": "polls.historial", "fields": {"fkalbum": null, "fkcomentario": 2, "accion": "comentario", "fklike": null, "usuario": 6}}, {"pk": 10, "model": "polls.historial", "fields": {"fkalbum": null, "fkcomentario": 3, "accion": "comentario", "fklike": null, "usuario": 6}}, {"pk": 11, "model": "polls.historial", "fields": {"fkalbum": 4, "fkcomentario": null, "accion": "Nuevo album", "fklike": null, "usuario": 9}}, {"pk": 12, "model": "polls.historial", "fields": {"fkalbum": 5, "fkcomentario": null, "accion": "Nuevo album", "fklike": null, "usuario": 9}}, {"pk": 13, "model": "polls.historial", "fields": {"fkalbum": null, "fkcomentario": 4, "accion": "comentario", "fklike": null, "usuario": 6}}, {"pk": 14, "model": "polls.historial", "fields": {"fkalbum": null, "fkcomentario": 4, "accion": "comentario", "fklike": null, "usuario": 6}}, {"pk": 17, "model": "polls.historial", "fields": {"fkalbum": null, "fkcomentario": 5, "accion": "comentario", "fklike": null, "usuario": 6}}, {"pk": 18, "model": "polls.historial", "fields": {"fkalbum": null, "fkcomentario": 6, "accion": "comentario", "fklike": null, "usuario": 9}}, {"pk": 20, "model": "polls.historial", "fields": {"fkalbum": null, "fkcomentario": null, "accion": "like", "fklike": 4, "usuario": 6}}, {"pk": 3, "model": "polls.notificacion", "fields": {"descripcion": "Amistad", "historia": 4, "status": true, "usuario": 9}}, {"pk": 4, "model": "polls.notificacion", "fields": {"descripcion": "Amistad", "historia": 5, "status": false, "usuario": 7}}]